Module,Feature,Action,Priority,Description_TH,Prompt_for_AI_Coder
Infrastructure,Database Integration,ADD / REPLACE,High,เปลี่ยนจากการเก็บข้อมูลชั่วคราว (localStorage) ไปใช้ฐานข้อมูลจริง (Firebase หรือ Supabase) เพื่อให้ข้อมูลซิงค์กันทุกแผนก,"Replace localStorage logic with Firebase Firestore or Supabase CRUD operations. Define clear schemas for Jobs, Users, and Assets."
Architecture,Shared UI Components,ADD,High,แยกแถบเมนู (Navbar) และเมนูข้าง (Sidebar) ออกมาเป็น Component กลาง เพื่อไม่ต้องตามแก้ HTML ทุกไฟล์,Extract common layout elements into reusable JS components or Web Components. Implement dynamic rendering across all HTML pages.
Core Logic,Job Data Flow (RN Number),ENHANCE,High,"ใช้เลข RN Number เป็นแกนกลาง (Primary Key) ทุกหน้า (บัญชี, เอกสาร, รถ) ต้องดึงข้อมูลโดยอ้างอิงจากเลขนี้","Implement a centralized state management or fetch logic where the RN Number (UUID) acts as the foreign key binding the Document, Finance, and Fleet modules."
Security,Role-Based Authentication,ENHANCE,High,ทำระบบ Login ที่มีระบบจำกัดสิทธิ์ เช่น หน้าการเงินให้เข้าได้เฉพาะแอดมินหรือบัญชี,"Implement real authentication (e.g., Firebase Auth) and add route guards. Ensure UI conditionally renders based on user roles (Admin, CS, Doc)."
Document Team,PDF Auto-Generation,ENHANCE,Medium,"ทำระบบดึงข้อมูลจาก Job มาใส่ในแบบฟอร์มเอกสาร (Invoice, Manifest) แล้วกดโหลดเป็น PDF",Integrate jsPDF or html2pdf.js. Map the Job JSON object fields automatically to the PDF template view.
Operations,Driver Mobile App / e-POD,REDUCE / DELAY,Low (for MVP),ยังไม่ต้องทำหน้าจอมือถือให้คนขับ ให้แอดมินออฟฟิศเป็นคนรับรูปจาก LINE แล้วอัปโหลดเข้าระบบแทน,"Skip building complex mobile responsive views for drivers. Instead, add a simple 'File Upload' field in the Admin Dashboard for attaching PODs/EIRs to a Job."
Integrations,Live GPS Tracking API,REDUCE / DELAY,Low (for MVP),"ตัดการเชื่อมต่อ API ดูแผนที่สดออก ใช้เป็นระบบ Dropdown อัปเดตสถานะ (เช่น ถึงด่าน, ข้ามแดน) แบบแมนนวล","Do not integrate third-party GPS APIs. Implement a predefined Status Milestone dropdown (e.g., Gate-in, Border-Crossed) updated manually by the Operations team."
Finance,Live Exchange Rate API,REDUCE / DELAY,Low (for MVP),ไม่ต้องเขียนโค้ดดึงค่าเงินอัตโนมัติ ให้ทำเป็นช่องว่าง (Input Field) ให้พนักงานกรอกเรทเงินเอง,Remove API fetch requests for currency exchange rates. Replace with a manual number input field with a default fallback value.
Client,Customer Tracking Portal,REDUCE / DELAY,Low (for MVP),ตัดหน้าเว็บสำหรับลูกค้าเช็คสถานะออกไปก่อน ให้ทีม CS กดปุ่ม Export Status ส่งผ่าน LINE แทน,Remove client-facing routing logic. Add a specific 'Export Status Summary' button in the CS module to generate a quick shareable report.
